{
  "笔数": 1375,
  "胜率": 0.8472727272727273,
  "年化": 0.2696006946951328,
  "累计收益%": 26.11244428154489,
  "期末权益": 12611.244428154489,
  "有信号交易日": 245,
  "观望条目": 314,
  "分模块": {
    "5×舰队·CSP": {
      "笔数": 141,
      "胜率": 1.0,
      "均收益%": 0.8611205673758867
    },
    "卖Call价差": {
      "笔数": 1206,
      "胜率": 0.8383084577114428,
      "均收益%": 2.0840986733001663
    },
    "轨迹·高置信": {
      "笔数": 28,
      "胜率": 0.4642857142857143,
      "均收益%": -0.04253571428571427
    }
  },
  "年份": 2025,
  "配置": "standard",
  "SPY牛市天数": "188/250 (75%)"
}