{
  "笔数": 12800,
  "胜率": 0.8340625,
  "年化": 0.2216274376705163,
  "累计收益%": 196.64866566705354,
  "期末权益": 29664.866566705354,
  "期初权益": 10000.0,
  "观望条目": 816,
  "分模块": {
    "5×舰队·CSP": {
      "笔数": 602,
      "胜率": 1.0,
      "均收益%": 0.5079401993355481
    },
    "卖Call价差": {
      "笔数": 12170,
      "胜率": 0.8269515201314709,
      "均收益%": 1.5039999178307313
    },
    "超涨回吐·Put价差": {
      "笔数": 28,
      "胜率": 0.35714285714285715,
      "均收益%": -8.172428571428574
    }
  },
  "年份": "2021-2026",
  "配置": "high_freq",
  "SPY牛市天数": "988/1371 (72%)"
}