{
  "笔数": 1373,
  "胜率": 0.8477785870356883,
  "年化": 0.27190732964992703,
  "累计收益%": 26.335132235337255,
  "期末权益": 12633.513223533726,
  "有信号交易日": 245,
  "观望条目": 315,
  "分模块": {
    "5×舰队·CSP": {
      "笔数": 141,
      "胜率": 1.0,
      "均收益%": 0.8611205673758867
    },
    "卖Call价差": {
      "笔数": 1206,
      "胜率": 0.8383084577114428,
      "均收益%": 2.0797081260364845
    },
    "轨迹·高置信": {
      "笔数": 26,
      "胜率": 0.46153846153846156,
      "均收益%": -0.03476923076923073
    }
  },
  "年份": 2025,
  "SPY牛市天数": "188/250 (75%)"
}