{
  "笔数": 12829,
  "胜率": 0.8273442980746746,
  "年化": 0.17438133659282284,
  "累计收益%": 139.43960634488346,
  "期末权益": 23943.960634488347,
  "期初权益": 10000.0,
  "观望条目": 660,
  "分模块": {
    "5×舰队·CSP": {
      "笔数": 467,
      "胜率": 1.0,
      "均收益%": 0.5817216274089936
    },
    "卖Call价差": {
      "笔数": 12279,
      "胜率": 0.8230311914651031,
      "均收益%": 1.1672220864891276
    },
    "超涨回吐·做空": {
      "笔数": 83,
      "胜率": 0.4939759036144578,
      "均收益%": -0.2025060240963856
    }
  },
  "年份": 2025,
  "配置": "high_freq",
  "SPY牛市天数": "988/1371 (72%)"
}