{
  "笔数": 12666,
  "胜率": 0.8361755881888521,
  "年化": 0.22002570245660502,
  "累计收益%": 187.1001645649757,
  "期末权益": 28710.016456497568,
  "期初权益": 10000.0,
  "观望条目": 817,
  "分模块": {
    "5×舰队·CSP": {
      "笔数": 584,
      "胜率": 1.0,
      "均收益%": 0.5051010273972604
    },
    "卖Call价差": {
      "笔数": 11848,
      "胜率": 0.8290850776502363,
      "均收益%": 1.6985930114787309
    },
    "弱市·ETF铁鹰": {
      "笔数": 207,
      "胜率": 0.8454106280193237,
      "均收益%": -7.994821256038648
    },
    "超涨回吐·Put价差": {
      "笔数": 27,
      "胜率": 0.3333333333333333,
      "均收益%": -12.410407407407408
    }
  },
  "年份": 2025,
  "配置": "high_freq",
  "SPY牛市天数": "956/1338 (71%)"
}