{
  "generated": "2026-06-23",
  "strategy": "flow_action_v4_ultra80",
  "years": 3.0,
  "universe": 200,
  "tickers_with_data": 180,
  "signal_rows": 564,
  "累计收益率": 0.4927016347853366,
  "年化收益率": 0.40641068050663076,
  "夏普比率": 10.55347437794835,
  "最大回撤": -0.06330530245122656,
  "日胜率": 0.8,
  "笔胜率": 0.8,
  "交易天数": 5,
  "总笔数": 5,
  "期末权益": 149270.16347853365,
  "params": {
    "long_patterns": [
      "U_S2"
    ],
    "short_patterns": [
      "D_OFFERING",
      "D_S2"
    ],
    "long_top_n": 0,
    "short_top_n": 1
  }
}