{
  "generated": "2026-06-25",
  "strategy": "flow_action_v5_longshort",
  "years": 5.0,
  "universe": 200,
  "tickers_with_data": 196,
  "signal_rows": 852,
  "累计收益率": 0.20590843830769745,
  "年化收益率": 0.11683441290585339,
  "夏普比率": 0.5665816125682154,
  "最大回撤": -0.7520455388160465,
  "日胜率": 0.522248243559719,
  "笔胜率": 0.5325581395348837,
  "交易天数": 427,
  "总笔数": 430,
  "期末权益": 120590.84383076974,
  "params": {
    "long_patterns": [
      "U_S2"
    ],
    "short_patterns": [
      "D_OFFERING",
      "D_S2"
    ],
    "long_top_n": 1,
    "short_top_n": 1
  }
}