{
  "params": {
    "ret5_min": 0.08,
    "vr_min": 1.5,
    "cs_min": 0.6,
    "dvol_min_m": 50.0,
    "tp": 0.12,
    "sl": 0.07,
    "horizon": 10,
    "slots": 8
  },
  "is": {
    "n_trades": 1553,
    "win_rate": 0.45717965228589824,
    "avg_ret": 0.00530378494725231,
    "final_equity": 2.243363521477989,
    "cagr": 0.2025518522117924,
    "max_dd": -0.5339691823307338
  },
  "oos": {
    "n_trades": 616,
    "win_rate": 0.413961038961039,
    "avg_ret": -0.0004441171347690644,
    "final_equity": 0.8930749619916117,
    "cagr": -0.07037651720498128,
    "max_dd": -0.36570572486677355
  }
}