{
  "params": {
    "trend_ma": 200,
    "pullback_ma": 5,
    "rsi_n": 2,
    "rsi_max": 15.0,
    "dvol_min_m": 50.0,
    "tp": 0.1,
    "sl": 0.08,
    "horizon": 10,
    "exit_on_green": true,
    "slots": 10
  },
  "is": {
    "n_trades": 7198,
    "win_rate": 0.7407613225896083,
    "avg_ret": 0.004674356620596275,
    "payoff": 0.5197156918048784,
    "final_equity": 26.408956596790603,
    "cagr": 1.2098349696140507,
    "max_dd": -0.21716867249683525
  },
  "oos": {
    "n_trades": 2967,
    "win_rate": 0.7340748230535895,
    "avg_ret": 0.004792853188647993,
    "payoff": 0.5018708416599725,
    "final_equity": 4.0011780790586275,
    "cagr": 1.4988375134806078,
    "max_dd": -0.1722149503510988
  }
}